estrato,lag,gamma,erro_padrao,n_dias,n_barras,eixo,n_ticks_mediano,n_changes_mediano
ano_2022,0,0.0014969031178923978,7.917031724235703e-05,109,62647,,,
ano_2022,1,-4.017148512106481e-05,1.4919519934967661e-05,109,62647,,,
ano_2022,2,1.2732369307242498e-05,8.872432645944992e-06,109,62647,,,
ano_2022,3,-2.9773645729933443e-07,4.8310484502368814e-06,109,62647,,,
ano_2022,4,1.2698010842266535e-06,4.198720462366517e-06,109,62647,,,
ano_2022,5,1.6521347689459551e-06,2.330664817176301e-06,109,62647,,,
ano_2022,6,5.635155212935098e-06,2.7120280137855505e-06,109,62647,,,
ano_2022,7,2.602715205817562e-06,2.1985561648640742e-06,109,62647,,,
ano_2022,8,-5.0134461262418075e-06,4.843816516328463e-06,109,62647,,,
ano_2023,0,0.0016837012423806853,5.248992067488194e-05,257,90905,,,
ano_2023,1,0.00011604470771038368,5.293056994729929e-06,257,90905,,,
ano_2023,2,6.126076181186547e-05,5.1793578838342086e-06,257,90905,,,
ano_2023,3,1.853101916592325e-05,3.325183527121242e-06,257,90905,,,
ano_2023,4,1.1701916306038607e-05,1.859841539805009e-06,257,90905,,,
ano_2023,5,9.227017485003484e-06,3.3827400933164992e-06,257,90905,,,
ano_2023,6,5.577704178820005e-06,2.0395009082454914e-06,257,90905,,,
ano_2023,7,4.964909215337096e-06,1.6898153681534275e-06,257,90905,,,
ano_2023,8,9.242316770244576e-07,2.0412807599339017e-06,257,90905,,,
ano_2024,0,0.0022027331887726127,8.576328540869219e-05,259,179955,,,
ano_2024,1,8.137462786194784e-06,2.8467530623245098e-05,259,179955,,,
ano_2024,2,4.2549799688487605e-05,4.3483164671244385e-06,259,179955,,,
ano_2024,3,-1.3315070668881732e-06,3.86489696819406e-06,259,179955,,,
ano_2024,4,5.211832767229111e-06,2.021317053843208e-06,259,179955,,,
ano_2024,5,-8.512608186542549e-07,2.1981992769263744e-06,259,179955,,,
ano_2024,6,5.23295331385345e-06,2.0249107451892003e-06,259,179955,,,
ano_2024,7,4.711948456372185e-06,2.533288772180314e-06,259,179955,,,
ano_2024,8,1.6253464788015057e-06,3.482582085518188e-06,259,179955,,,
ano_2025,0,0.00825001836095813,0.0006897464794955326,258,230771,,,
ano_2025,1,-0.0006657140771029041,0.0002868953734584593,258,230771,,,
ano_2025,2,6.335825318772832e-05,4.8184015475650754e-05,258,230771,,,
ano_2025,3,-9.264314767508172e-05,3.591542190771598e-05,258,230771,,,
ano_2025,4,6.451513837974917e-06,4.805962359047235e-06,258,230771,,,
ano_2025,5,-1.2173192441417758e-05,7.574749903381868e-06,258,230771,,,
ano_2025,6,1.1211700815596319e-05,9.820674872956355e-06,258,230771,,,
ano_2025,7,4.039400800238628e-06,5.206797691003306e-06,258,230771,,,
ano_2025,8,4.3820086396467455e-06,5.692925677407826e-06,258,230771,,,
ano_2026,0,0.02430360316719348,0.002974603556362306,150,168814,,,
ano_2026,1,-0.00021255904323428185,0.00014657120780884182,150,168814,,,
ano_2026,2,0.00013256645520567096,4.83693465265591e-05,150,168814,,,
ano_2026,3,-0.0001257888234833322,2.2546732966109645e-05,150,168814,,,
ano_2026,4,-5.762823555938593e-05,1.696159283700187e-05,150,168814,,,
ano_2026,5,-4.542077279925015e-05,1.5285605844799452e-05,150,168814,,,
ano_2026,6,3.584514303814193e-06,1.5911793739340074e-05,150,168814,,,
ano_2026,7,-1.0165336601214033e-05,1.0218926486013784e-05,150,168814,,,
ano_2026,8,1.0082637792253187e-05,1.1144665695865696e-05,150,168814,,,
domingo,0,0.06473595642542453,0.011471195439580301,160,5041,,,
domingo,1,-0.010951084569951725,0.002937414385891906,160,5041,,,
domingo,2,-0.00029127670079180385,0.0005274432227248683,160,5041,,,
domingo,3,-0.0008397906218204469,0.0004714033842929503,160,5041,,,
domingo,4,-1.0658782268374909e-07,0.0002956422600299302,160,5041,,,
domingo,5,1.7360611312041094e-05,0.00030519562953881097,160,5041,,,
domingo,6,-0.00034340078499206283,0.00019756261463724285,160,5041,,,
domingo,7,0.000625043546042379,0.00030328597568721503,160,5041,,,
domingo,8,-0.0004492217806247979,0.00026602612874962564,160,5041,,,
2026_h00,0,0.029642968017585928,0.00372054554496032,150,7651,,,
2026_h00,1,-0.000156981580859917,0.0003744448637218955,150,7651,,,
2026_h00,2,7.411369029617813e-05,4.94007288807192e-05,150,7651,,,
2026_h00,3,-0.0001728849670620234,4.756519145484616e-05,150,7651,,,
2026_h00,4,-0.0001239501011289939,3.187936308307511e-05,150,7651,,,
2026_h00,5,-0.00012719857114218308,4.071375889943786e-05,150,7651,,,
2026_h00,6,3.636506459773585e-05,3.7446225776346715e-05,150,7651,,,
2026_h00,7,-4.638912030988777e-05,2.7761670281743802e-05,150,7651,,,
2026_h00,8,4.933464301866994e-06,3.19359960768355e-05,150,7651,,,
2026_h01,0,0.03188008680135123,0.0054276541834622095,150,8740,,,
2026_h01,1,-0.0004179192838882218,0.0005305259287042532,150,8740,,,
2026_h01,2,0.00012112122973905214,6.510491058323428e-05,150,8740,,,
2026_h01,3,-0.00010262434832084549,6.61687862763151e-05,150,8740,,,
2026_h01,4,-2.465707836935444e-06,4.201808374316597e-05,150,8740,,,
2026_h01,5,-8.054770083245195e-05,5.4798609145886496e-05,150,8740,,,
2026_h01,6,7.567938206896298e-05,4.004488504345956e-05,150,8740,,,
2026_h01,7,0.0001481990182806416,9.681497033695782e-05,150,8740,,,
2026_h01,8,-3.288488315808495e-05,6.361444804036596e-05,150,8740,,,
2026_h02,0,0.02673540369346745,0.005826251352771172,150,8094,,,
2026_h02,1,-0.0006612041783695497,0.0006751687237788631,150,8094,,,
2026_h02,2,0.0003027005369883978,0.00013741699032995152,150,8094,,,
2026_h02,3,-0.00020010915919783804,8.283435382741657e-05,150,8094,,,
2026_h02,4,-0.00014033847445762612,5.1482735438123614e-05,150,8094,,,
2026_h02,5,-2.478041953642674e-05,6.251986855345972e-05,150,8094,,,
2026_h02,6,-4.975361410996898e-05,3.4360743039526734e-05,150,8094,,,
2026_h02,7,-7.903270664789384e-05,6.277390279753007e-05,150,8094,,,
2026_h02,8,4.564735563175379e-05,3.0693333602914965e-05,150,8094,,,
2026_h03,0,0.020583572845341375,0.0037963042534717105,150,7023,,,
2026_h03,1,-0.00031167389767692953,0.00023092261535326907,150,7023,,,
2026_h03,2,0.00015998158303491238,5.9538608881156376e-05,150,7023,,,
2026_h03,3,-9.968019997273455e-05,4.261456794503292e-05,150,7023,,,
2026_h03,4,-1.794919865841724e-05,2.8010322093642232e-05,150,7023,,,
2026_h03,5,-7.425945015726972e-05,2.8538743512731956e-05,150,7023,,,
2026_h03,6,-6.88590052944158e-05,3.1107223750539905e-05,150,7023,,,
2026_h03,7,-6.845664372189343e-05,3.183636354321695e-05,150,7023,,,
2026_h03,8,-7.912770680093321e-05,4.0271646281637135e-05,150,7023,,,
2026_h04,0,0.017411520069755507,0.0032708392495879074,150,5271,,,
2026_h04,1,-0.00015166092786234086,0.0001285976814306167,150,5271,,,
2026_h04,2,0.0001457873503399914,5.719500891798881e-05,150,5271,,,
2026_h04,3,-0.00011834782414237564,3.4869665751804855e-05,150,5271,,,
2026_h04,4,-0.00010191646945353803,3.407462700974979e-05,150,5271,,,
2026_h04,5,-2.062916908997411e-05,2.742951216595239e-05,150,5271,,,
2026_h04,6,-5.78382370951612e-06,1.68823989575692e-05,150,5271,,,
2026_h04,7,-1.7860012181157374e-05,2.154580570287633e-05,150,5271,,,
2026_h04,8,-6.46706486376799e-05,4.960468437136754e-05,150,5271,,,
2026_h05,0,0.022811271227780233,0.005094145209405149,150,7356,,,
2026_h05,1,-0.0004584715473641585,0.00040956130931256435,150,7356,,,
2026_h05,2,-0.00021589321970796524,0.00023362598534154469,150,7356,,,
2026_h05,3,4.875323414110425e-05,0.00011042163016280592,150,7356,,,
2026_h05,4,-0.0003322046907427127,0.00028668780764825057,150,7356,,,
2026_h05,5,5.3413733260379477e-05,4.9236297133220265e-05,150,7356,,,
2026_h05,6,7.06422708939382e-05,8.608170583687084e-05,150,7356,,,
2026_h05,7,-0.00011577442090926093,9.666833248790432e-05,150,7356,,,
2026_h05,8,5.0144105702505925e-05,3.965820682162854e-05,150,7356,,,
2026_h06,0,0.023282042294134532,0.005156554285436113,150,8153,,,
2026_h06,1,-0.00023454376991823342,0.0004911717598058397,150,8153,,,
2026_h06,2,0.00011211735137221683,5.687817532552901e-05,150,8153,,,
2026_h06,3,-0.00013867720559744296,5.888149146286105e-05,150,8153,,,
2026_h06,4,1.4772059308990675e-05,4.4272851328234415e-05,150,8153,,,
2026_h06,5,-0.00015203124678297888,9.985632561297648e-05,150,8153,,,
2026_h06,6,3.268295269925249e-05,5.4018533840790147e-05,150,8153,,,
2026_h06,7,2.9708958176552657e-06,2.219966938410446e-05,150,8153,,,
2026_h06,8,-7.737490921793939e-05,8.916376451600278e-05,150,8153,,,
2026_h07,0,0.020853671385112616,0.003803126524769872,150,7738,,,
2026_h07,1,0.0005612129099593618,0.0001269357222366061,150,7738,,,
2026_h07,2,1.1402334496441108e-05,6.230287735573034e-05,150,7738,,,
2026_h07,3,-0.00012007441842402484,2.5607617585660818e-05,150,7738,,,
2026_h07,4,-9.116631488020795e-05,4.375087753048837e-05,150,7738,,,
2026_h07,5,-6.744281723208665e-05,2.1272243142579267e-05,150,7738,,,
2026_h07,6,7.090412735115649e-06,2.3749046027092462e-05,150,7738,,,
2026_h07,7,8.043836585076391e-06,1.9583711174652102e-05,150,7738,,,
2026_h07,8,1.9709973465285314e-05,2.3567212269319197e-05,150,7738,,,
2026_h08,0,0.019904195010269916,0.00289886076774549,150,7999,,,
2026_h08,1,0.0009031167888437986,0.00019209647989472116,150,7999,,,
2026_h08,2,0.00021910703220674063,0.00016427673502297042,150,7999,,,
2026_h08,3,-0.00013940226978006518,5.522893368656415e-05,150,7999,,,
2026_h08,4,-9.792210088302752e-05,3.1919258824050974e-05,150,7999,,,
2026_h08,5,-7.334253558595705e-06,3.8581172557948896e-05,150,7999,,,
2026_h08,6,7.316838458174067e-05,6.975840970266928e-05,150,7999,,,
2026_h08,7,-7.847864237449003e-06,4.408865670170988e-05,150,7999,,,
2026_h08,8,4.916610661891047e-07,2.1277734331118577e-05,150,7999,,,
2026_h09,0,0.021824543887494247,0.004584935575570104,150,7375,,,
2026_h09,1,0.0005862701805057932,0.00012021094394585546,150,7375,,,
2026_h09,2,0.0002628281105199625,8.259913214704569e-05,150,7375,,,
2026_h09,3,-9.121618299824121e-05,2.3644656830340568e-05,150,7375,,,
2026_h09,4,2.1670028305784685e-05,5.0437722564150215e-05,150,7375,,,
2026_h09,5,-0.0001139077860517053,6.630780251037448e-05,150,7375,,,
2026_h09,6,-2.74888262881755e-05,4.674660756166676e-05,150,7375,,,
2026_h09,7,-1.501676399518952e-05,2.6479789466881044e-05,150,7375,,,
2026_h09,8,2.331309645336678e-05,5.4947208352619426e-05,150,7375,,,
2026_h10,0,0.018827194128706492,0.002361837426821702,150,6906,,,
2026_h10,1,0.0008518959728198371,0.00011106051447714681,150,6906,,,
2026_h10,2,0.00011285027845188189,3.797218094175923e-05,150,6906,,,
2026_h10,3,-0.00013794332603625804,3.9464536405635445e-05,150,6906,,,
2026_h10,4,-3.82956946584168e-05,2.6413303583451603e-05,150,6906,,,
2026_h10,5,-4.2250582465648044e-05,2.5693539215950945e-05,150,6906,,,
2026_h10,6,6.631824103329458e-06,2.2331277776549348e-05,150,6906,,,
2026_h10,7,1.2455491067536783e-05,2.6478354098891975e-05,150,6906,,,
2026_h10,8,-2.4906743229330438e-05,2.8640522913205267e-05,150,6906,,,
2026_h11,0,0.024830191363692355,0.006076476133979149,150,7216,,,
2026_h11,1,0.00028472441754890537,0.00028474370895740906,150,7216,,,
2026_h11,2,0.00028480123643650666,0.000129048422183897,150,7216,,,
2026_h11,3,-0.00019210261010184167,0.00010908312284105142,150,7216,,,
2026_h11,4,5.416936053316161e-05,4.736470383043891e-05,150,7216,,,
2026_h11,5,-1.1216258590849225e-05,0.00010362346466658545,150,7216,,,
2026_h11,6,-9.808389171622984e-05,6.365440733189941e-05,150,7216,,,
2026_h11,7,8.856361081949813e-05,7.304696938190663e-05,150,7216,,,
2026_h11,8,1.4229429956658585e-05,5.549112054322021e-05,150,7216,,,
2026_h12,0,0.025264858007936968,0.004132880252009234,150,8272,,,
2026_h12,1,-0.0008345367389004203,0.0011283855210691934,150,8272,,,
2026_h12,2,9.504220846437035e-05,0.00014380359268434718,150,8272,,,
2026_h12,3,-0.00030652043279739906,0.00019053651112985528,150,8272,,,
2026_h12,4,-5.032173394707913e-05,0.0001834713686702641,150,8272,,,
2026_h12,5,-0.0001011913125376725,0.0001577258512915477,150,8272,,,
2026_h12,6,-5.7660729547057565e-05,5.438894750824305e-05,150,8272,,,
2026_h12,7,-0.00013174967450803592,7.671205015190186e-05,150,8272,,,
2026_h12,8,0.00017970292848841203,0.00011336727988903797,150,8272,,,
2026_h13,0,0.024071861841549996,0.002512143328446859,150,8874,,,
2026_h13,1,0.00021772281622944607,0.0001747161593228728,150,8874,,,
2026_h13,2,0.00011748638104637657,4.878653586384703e-05,150,8874,,,
2026_h13,3,3.746738712224771e-05,2.8918356274470304e-05,150,8874,,,
2026_h13,4,-6.690445514022848e-05,4.0324010817432916e-05,150,8874,,,
2026_h13,5,6.733227081219861e-06,4.168823691659398e-05,150,8874,,,
2026_h13,6,7.446149677979976e-05,4.104705047134482e-05,150,8874,,,
2026_h13,7,-1.7667155496756247e-05,5.447058700782564e-05,150,8874,,,
2026_h13,8,4.4328061968518905e-05,2.8159979627064136e-05,150,8874,,,
2026_h14,0,0.022248777224789996,0.0018572248081335963,150,8900,,,
2026_h14,1,0.00037309590946645645,9.854851802274371e-05,150,8900,,,
2026_h14,2,0.0001913314056918863,5.707204829900333e-05,150,8900,,,
2026_h14,3,-1.3718033673205586e-05,2.5583694403563746e-05,150,8900,,,
2026_h14,4,-2.965228986062647e-05,2.671526736101575e-05,150,8900,,,
2026_h14,5,-1.4741916600586677e-05,1.6968314409042042e-05,150,8900,,,
2026_h14,6,4.934761001316701e-05,1.8350544854965608e-05,150,8900,,,
2026_h14,7,1.980108999873132e-07,2.01076119881865e-05,150,8900,,,
2026_h14,8,5.427019186389417e-05,1.7637955943563925e-05,150,8900,,,
2026_h15,0,0.02710486980999737,0.006180334958361486,150,8861,,,
2026_h15,1,-0.00030555091751482966,0.000603863909584861,150,8861,,,
2026_h15,2,0.00013981836285921766,4.7940956024400004e-05,150,8861,,,
2026_h15,3,1.4373290262682907e-05,6.083333802160138e-05,150,8861,,,
2026_h15,4,-2.683052351036265e-05,3.6112937718885115e-05,150,8861,,,
2026_h15,5,-8.242578202364483e-05,2.4068955242954748e-05,150,8861,,,
2026_h15,6,0.00010054162509051585,0.00010120970426350247,150,8861,,,
2026_h15,7,2.1842637676006466e-05,1.6115304780787472e-05,150,8861,,,
2026_h15,8,3.297293527681573e-05,2.1503061269255844e-05,150,8861,,,
2026_h16,0,0.020698303790462322,0.0031201734647245648,150,8718,,,
2026_h16,1,4.7284776020676406e-05,9.840062091476254e-05,150,8718,,,
2026_h16,2,0.0001042350384667053,7.000768368113571e-05,150,8718,,,
2026_h16,3,-8.533868576670474e-05,4.100021134236419e-05,150,8718,,,
2026_h16,4,-1.1522491067032762e-05,3.115985466309099e-05,150,8718,,,
2026_h16,5,-4.837657395299332e-05,3.210550826901676e-05,150,8718,,,
2026_h16,6,-1.8388745684388502e-05,2.9272151487412526e-05,150,8718,,,
2026_h16,7,-1.3130505087405738e-06,4.272493786611466e-05,150,8718,,,
2026_h16,8,-1.2111048257538612e-05,2.6496166618516458e-05,150,8718,,,
2026_h17,0,0.017930715091172732,0.003013169556664217,148,8594,,,
2026_h17,1,-0.00011313987903343022,0.00021624477217550112,148,8594,,,
2026_h17,2,0.00013042661928304222,7.287750356406981e-05,148,8594,,,
2026_h17,3,-1.5580794352805982e-05,2.327422275596284e-05,148,8594,,,
2026_h17,4,3.893938309220658e-06,1.3285647043123181e-05,148,8594,,,
2026_h17,5,-1.0967116424475072e-05,2.2352540964373193e-05,148,8594,,,
2026_h17,6,1.6700698067233137e-05,1.9525140689999303e-05,148,8594,,,
2026_h17,7,-2.5590020277242268e-05,1.6321090905147815e-05,148,8594,,,
2026_h17,8,-5.464568698447915e-06,1.5639351303768445e-05,148,8594,,,
2026_h18,0,0.02288138387467406,0.006977095621114566,148,8353,,,
2026_h18,1,-0.0002898058467840863,0.00038876001514607844,148,8353,,,
2026_h18,2,0.0001720255113335674,0.0001736037874348758,148,8353,,,
2026_h18,3,-0.00019020581468240358,9.685631322056477e-05,148,8353,,,
2026_h18,4,2.0675509809287872e-05,5.6092762032830545e-05,148,8353,,,
2026_h18,5,-2.8917030816177942e-05,2.654637829338152e-05,148,8353,,,
2026_h18,6,-0.0001223791145794193,9.004583291745051e-05,148,8353,,,
2026_h18,7,-6.008423089260548e-05,6.180207855269075e-05,148,8353,,,
2026_h18,8,-1.3875496697343047e-05,1.785713039142997e-05,148,8353,,,
2026_h19,0,0.017389840588837358,0.002399563419982232,147,8261,,,
2026_h19,1,3.760336899077436e-05,0.00010106450885926822,147,8261,,,
2026_h19,2,8.918684072064864e-05,5.4275880299996524e-05,147,8261,,,
2026_h19,3,-0.00011752379095664833,2.2105905394551503e-05,147,8261,,,
2026_h19,4,-2.2556446525115733e-05,2.175356769462173e-05,147,8261,,,
2026_h19,5,-1.9506644586827815e-05,2.009625431538498e-05,147,8261,,,
2026_h19,6,-1.7409468544023504e-05,1.7173263750659418e-05,147,8261,,,
2026_h19,7,1.7782724779927254e-06,2.7640777626404875e-05,147,8261,,,
2026_h19,8,1.848814686663641e-05,1.9303610702405192e-05,147,8261,,,
2026_h20,0,0.024247543326645447,0.0038783752209193,144,4635,,,
2026_h20,1,-3.035889094026619e-05,0.00022407742431013625,144,4635,,,
2026_h20,2,9.025952987173039e-05,9.466189441645927e-05,144,4635,,,
2026_h20,3,-0.00016896908944639472,6.819757698648669e-05,144,4635,,,
2026_h20,4,-2.1591583671196434e-05,4.704160088116383e-05,144,4635,,,
2026_h20,5,-5.071828493811805e-06,4.427788051285652e-05,144,4635,,,
2026_h20,6,1.9719206343743336e-05,4.8606571865086164e-05,144,4635,,,
2026_h20,7,-2.4586136223605687e-05,3.6027868235643814e-05,144,4635,,,
2026_h20,8,-4.470445910242571e-05,3.856203248572943e-05,144,4635,,,
2026_h21,0,0.0400924923433637,0.006807790769901466,44,1138,,,
2026_h21,1,-0.00034353497458479676,0.00040457646351819846,44,1138,,,
2026_h21,2,0.00016207992549622087,0.00014614508244442006,44,1138,,,
2026_h21,3,7.200548476233018e-06,0.00015441809686044626,44,1138,,,
2026_h21,4,-0.0003426236425555026,0.0002898179664266957,44,1138,,,
2026_h21,5,0.00011159867918581063,5.6731790466328945e-05,44,1138,,,
2026_h21,6,-5.9503630070640074e-05,0.0001319172639737077,44,1138,,,
2026_h21,7,0.0002655688000168134,8.85539157551632e-05,44,1138,,,
2026_h21,8,-0.00035588771913662654,0.00027733827096978276,44,1138,,,
2026_h22,0,0.08645749132215855,0.015331112881009272,82,1534,,,
2026_h22,1,-0.009783222414917948,0.003294355387578754,82,1534,,,
2026_h22,2,-0.0024368372333904327,0.0006188696503586229,82,1534,,,
2026_h22,3,-0.0019133826374875002,0.0010322492757573727,82,1534,,,
2026_h22,4,-0.0016778568493627773,0.0010754169988126548,82,1534,,,
2026_h22,5,-0.000459213787702257,0.0006419801072421084,82,1534,,,
2026_h22,6,-0.0006712817799520523,0.0007718486213292725,82,1534,,,
2026_h22,7,-0.0006030233160221625,0.0005916338210999148,82,1534,,,
2026_h22,8,-0.00041131386081605305,0.0005505071101823827,82,1534,,,
2026_h23,0,0.0643369603961466,0.0109311675027826,117,3152,,,
2026_h23,1,-0.009113925871706004,0.0028483209131433818,117,3152,,,
2026_h23,2,0.0013431972627588444,0.0005029291519300853,117,3152,,,
2026_h23,3,-0.0014761926121951057,0.0005693282839454943,117,3152,,,
2026_h23,4,-4.582963093406481e-05,0.0002792760638136256,117,3152,,,
2026_h23,5,9.560221287611299e-05,0.00015712333427267102,117,3152,,,
2026_h23,6,-0.0002865885885889533,0.00029348587463388025,117,3152,,,
2026_h23,7,0.00026136654587051764,0.00034637433737060697,117,3152,,,
2026_h23,8,0.0001125793607237995,0.00025422007951849676,117,3152,,,
2026_q1_n_ticks,0,0.014136523426569845,0.0007589097973479938,149,42204,n_ticks,165.0,146.0
2026_q1_n_ticks,1,-0.0003231971287396435,0.00010331572853149081,149,42204,n_ticks,165.0,146.0
2026_q1_n_ticks,2,1.5239012816185609e-05,3.2463403981209823e-05,149,42204,n_ticks,165.0,146.0
2026_q1_n_ticks,3,-0.0002306268784470217,5.0517281046248134e-05,149,42204,n_ticks,165.0,146.0
2026_q1_n_ticks,4,-0.00011312232181386648,4.857163902654829e-05,149,42204,n_ticks,165.0,146.0
2026_q1_n_ticks,5,-3.716585886006384e-05,1.9487310881816382e-05,149,42204,n_ticks,165.0,146.0
2026_q1_n_ticks,6,-7.52560039675733e-05,3.8853890221340954e-05,149,42204,n_ticks,165.0,146.0
2026_q1_n_ticks,7,-1.8704255175593745e-05,1.8016962486209322e-05,149,42204,n_ticks,165.0,146.0
2026_q1_n_ticks,8,-3.7529095001045556e-05,2.9126982336205003e-05,149,42204,n_ticks,165.0,146.0
2026_q2_n_ticks,0,0.013625055832272371,0.000745335906850057,150,42203,n_ticks,237.0,209.0
2026_q2_n_ticks,1,-0.00018906085922954256,0.00013867142244308533,150,42203,n_ticks,237.0,209.0
2026_q2_n_ticks,2,2.6055809835381636e-05,3.738200140130588e-05,150,42203,n_ticks,237.0,209.0
2026_q2_n_ticks,3,-0.00010016332505246473,2.0463436375901448e-05,150,42203,n_ticks,237.0,209.0
2026_q2_n_ticks,4,-4.181968963581136e-05,2.2044848238460182e-05,150,42203,n_ticks,237.0,209.0
2026_q2_n_ticks,5,-4.309475595745569e-05,3.556774714247362e-05,150,42203,n_ticks,237.0,209.0
2026_q2_n_ticks,6,6.155785254008249e-06,2.7118517417782218e-05,150,42203,n_ticks,237.0,209.0
2026_q2_n_ticks,7,-2.93425543326666e-05,1.794148057089834e-05,150,42203,n_ticks,237.0,209.0
2026_q2_n_ticks,8,3.5980095368617514e-06,1.5993188386584656e-05,150,42203,n_ticks,237.0,209.0
2026_q3_n_ticks,0,0.014706620298609127,0.0008260315325156047,150,42203,n_ticks,330.0,289.0
2026_q3_n_ticks,1,4.423396848908938e-05,7.086687818963482e-05,150,42203,n_ticks,330.0,289.0
2026_q3_n_ticks,2,5.226101835082732e-05,2.1821910485965027e-05,150,42203,n_ticks,330.0,289.0
2026_q3_n_ticks,3,-0.00010100794824757435,1.9354491419105873e-05,150,42203,n_ticks,330.0,289.0
2026_q3_n_ticks,4,-2.2650985673320414e-05,1.4179986612149855e-05,150,42203,n_ticks,330.0,289.0
2026_q3_n_ticks,5,-3.6337701191751677e-05,1.0739318974002366e-05,150,42203,n_ticks,330.0,289.0
2026_q3_n_ticks,6,3.5103002189369737e-06,8.956582067953302e-06,150,42203,n_ticks,330.0,289.0
2026_q3_n_ticks,7,-1.656456275915506e-05,2.1255211963093133e-05,150,42203,n_ticks,330.0,289.0
2026_q3_n_ticks,8,-1.0616234596695234e-05,7.3440189958661715e-06,150,42203,n_ticks,330.0,289.0
2026_q4_n_ticks,0,0.0380123677947322,0.005488955764475724,150,42204,n_ticks,512.0,450.0
2026_q4_n_ticks,1,-0.0003477405529517948,0.0002715045679987082,150,42204,n_ticks,512.0,450.0
2026_q4_n_ticks,2,0.00026397512725695704,8.872785692595703e-05,150,42204,n_ticks,512.0,450.0
2026_q4_n_ticks,3,-0.00012082643337316572,3.814672608438893e-05,150,42204,n_ticks,512.0,450.0
2026_q4_n_ticks,4,-6.945669607128146e-05,3.3557262833719176e-05,150,42204,n_ticks,512.0,450.0
2026_q4_n_ticks,5,-5.445629499522875e-05,3.736084965156824e-05,150,42204,n_ticks,512.0,450.0
2026_q4_n_ticks,6,2.5818612813336587e-05,2.904750935175741e-05,150,42204,n_ticks,512.0,450.0
2026_q4_n_ticks,7,4.565231041504855e-06,2.124017931513358e-05,150,42204,n_ticks,512.0,450.0
2026_q4_n_ticks,8,3.9483764428382974e-05,2.3792423287849933e-05,150,42204,n_ticks,512.0,450.0
2026_q1_n_changes,0,0.012803867962482365,0.0007686819118345937,150,42204,n_changes,165.0,143.0
2026_q1_n_changes,1,-0.00041101293847443183,0.0001048426179490724,150,42204,n_changes,165.0,143.0
2026_q1_n_changes,2,1.5868807146190035e-05,2.9174066606600178e-05,150,42204,n_changes,165.0,143.0
2026_q1_n_changes,3,-0.00019714492005849397,4.931920818790146e-05,150,42204,n_changes,165.0,143.0
2026_q1_n_changes,4,-0.00010429508349312487,4.7426234714056747e-05,150,42204,n_changes,165.0,143.0
2026_q1_n_changes,5,-2.3683053636930726e-05,1.886542725327732e-05,150,42204,n_changes,165.0,143.0
2026_q1_n_changes,6,-7.290077096633976e-05,3.827616642811343e-05,150,42204,n_changes,165.0,143.0
2026_q1_n_changes,7,-2.3765267323265507e-05,1.80282073294234e-05,150,42204,n_changes,165.0,143.0
2026_q1_n_changes,8,-2.589947180143681e-05,2.8374721025018496e-05,150,42204,n_changes,165.0,143.0
2026_q2_n_changes,0,0.013113984339024751,0.0007262574350515886,150,42203,n_changes,232.0,205.0
2026_q2_n_changes,1,-0.00013929352523180217,0.00014504548479796623,150,42203,n_changes,232.0,205.0
2026_q2_n_changes,2,3.1675753499162666e-05,3.7378476708243945e-05,150,42203,n_changes,232.0,205.0
2026_q2_n_changes,3,-0.00011294906096288031,2.3596023450361345e-05,150,42203,n_changes,232.0,205.0
2026_q2_n_changes,4,-3.311942310845591e-05,2.101994792121702e-05,150,42203,n_changes,232.0,205.0
2026_q2_n_changes,5,-5.215712014328258e-05,3.324977077350684e-05,150,42203,n_changes,232.0,205.0
2026_q2_n_changes,6,1.0703242368709322e-06,2.4472504122449937e-05,150,42203,n_changes,232.0,205.0
2026_q2_n_changes,7,-2.619626676685037e-05,1.762418208725879e-05,150,42203,n_changes,232.0,205.0
2026_q2_n_changes,8,-2.6014627239147126e-06,1.555734512326646e-05,150,42203,n_changes,232.0,205.0
2026_q3_n_changes,0,0.014994805075226401,0.0008983136744720215,150,42203,n_changes,325.0,287.0
2026_q3_n_changes,1,3.244124472462349e-06,8.453472200696654e-05,150,42203,n_changes,325.0,287.0
2026_q3_n_changes,2,6.679127679245883e-05,2.6795502941516867e-05,150,42203,n_changes,325.0,287.0
2026_q3_n_changes,3,-9.839267648911328e-05,2.1301264124976645e-05,150,42203,n_changes,325.0,287.0
2026_q3_n_changes,4,-3.126716182813935e-05,1.184455285247891e-05,150,42203,n_changes,325.0,287.0
2026_q3_n_changes,5,-3.6566829609497055e-05,1.2925910214697897e-05,150,42203,n_changes,325.0,287.0
2026_q3_n_changes,6,-3.175701186399049e-06,9.116242547805454e-06,150,42203,n_changes,325.0,287.0
2026_q3_n_changes,7,-1.6928960557381087e-05,2.180672320099455e-05,150,42203,n_changes,325.0,287.0
2026_q3_n_changes,8,-1.8732326158458707e-05,1.179030256696704e-05,150,42203,n_changes,325.0,287.0
2026_q4_n_changes,0,0.03877497696775087,0.005429162102992729,150,42204,n_changes,510.0,450.0
2026_q4_n_changes,1,-0.0003157118791930793,0.00028032013107071594,150,42204,n_changes,510.0,450.0
2026_q4_n_changes,2,0.00025534189494211994,8.817051464875837e-05,150,42204,n_changes,510.0,450.0
2026_q4_n_changes,3,-0.00012584158011056813,3.875328973837591e-05,150,42204,n_changes,510.0,450.0
2026_q4_n_changes,4,-7.005958859115585e-05,3.545740441833526e-05,150,42204,n_changes,510.0,450.0
2026_q4_n_changes,5,-5.473550299406585e-05,3.661800740787862e-05,150,42204,n_changes,510.0,450.0
2026_q4_n_changes,6,3.278711933615015e-05,2.8700515553553912e-05,150,42204,n_changes,510.0,450.0
2026_q4_n_changes,7,5.289499691781746e-06,2.149907023714082e-05,150,42204,n_changes,510.0,450.0
2026_q4_n_changes,8,4.453318844487928e-05,2.4613551125250484e-05,150,42204,n_changes,510.0,450.0
