ts,ticks
2025-08-01,219864
2025-08-03,8914
2025-08-04,171565
2025-08-05,156842
2025-08-06,161382
2025-08-07,332242
2025-08-08,493259
2025-08-10,8975
2025-08-11,295496
2025-08-12,219577
2025-08-13,166018
2025-08-14,204878
2025-08-15,143412
2025-08-17,7396
2025-08-18,159353
2025-08-19,164707
2025-08-20,168348
2025-08-21,148937
2025-08-22,177868
2025-08-24,5615
2025-08-25,120501
2025-08-26,199492
2025-08-27,162042
2025-08-28,200207
2025-08-29,225989
2025-08-31,9415
2025-09-01,212240
2025-09-02,350936
2025-09-03,303235
2025-09-04,268191
2025-09-05,272054
2025-09-07,23111
2025-09-08,259155
2025-09-09,284549
2025-09-10,220717
2025-09-11,233284
2025-09-12,188050
2025-09-14,6938
2025-09-15,209856
2025-09-16,241696
2025-09-17,280795
2025-09-18,256019
2025-09-19,224197
2025-09-21,10581
2025-09-22,244271
2025-09-23,305456
2025-09-24,249780
2025-09-25,281890
2025-09-26,248134
2025-09-28,10742
2025-09-29,312442
2025-09-30,325482
2025-10-01,292132
2025-10-02,268154
2025-10-03,253601
2025-10-05,23566
2025-10-06,327379
2025-10-07,342185
2025-10-08,344446
2025-10-09,438183
2025-10-10,448738
2025-10-12,26955
2025-10-13,352264
2025-10-14,489914
2025-10-15,373171
2025-10-16,415967
2025-10-17,591556
2025-10-19,29243
2025-10-20,450625
2025-10-21,548926
2025-10-22,566221
2025-10-23,389447
2025-10-24,352681
2025-10-26,27309
2025-10-27,429272
2025-10-28,380886
2025-10-29,395127
2025-10-30,395854
2025-10-31,342809
2025-11-02,8978
2025-11-03,341761
2025-11-04,319114
2025-11-05,253961
2025-11-06,292691
2025-11-07,249365
2025-11-09,6628
2025-11-10,285935
2025-11-11,271884
2025-11-12,383460
2025-11-13,436166
2025-11-14,412394
2025-11-16,11155
2025-11-17,357269
2025-11-18,359972
2025-11-19,368976
2025-11-20,413088
2025-11-21,427408
2025-11-23,8419
2025-11-24,320036
2025-11-25,328547
2025-11-26,260431
2025-11-27,178806
2025-11-28,228171
2025-11-30,13282
2025-12-01,398868
2025-12-02,312400
2025-12-03,352845
2025-12-04,333670
2025-12-05,312302
2025-12-07,2577
2025-12-08,285387
2025-12-09,321658
2025-12-10,342432
2025-12-11,329866
2025-12-12,396190
2025-12-14,6883
2025-12-15,335725
2025-12-16,351207
2025-12-17,343527
2025-12-18,371815
2025-12-19,284621
2025-12-21,7293
2025-12-22,277230
2025-12-23,370110
2025-12-24,339473
2025-12-25,9779
2025-12-26,456445
2025-12-28,18132
2025-12-29,510189
2025-12-30,461015
2025-12-31,440904
2026-01-01,7245
2026-01-02,336704
2026-01-04,13649
2026-01-05,404125
2026-01-06,389627
2026-01-07,391382
2026-01-08,388478
2026-01-09,342891
2026-01-11,12470
2026-01-12,399518
2026-01-13,372440
2026-01-14,400740
2026-01-15,402589
2026-01-16,343851
2026-01-18,21442
2026-01-19,217236
2026-01-20,349893
2026-01-21,439902
2026-01-22,336446
2026-01-23,315512
2026-01-25,17830
2026-01-26,546901
2026-01-27,508274
2026-01-28,625600
2026-01-29,727072
2026-01-30,823245
2026-02-01,16077
2026-02-02,846229
2026-02-03,642235
2026-02-04,531429
2026-02-05,662550
2026-02-06,452897
2026-02-08,19227
2026-02-09,361084
2026-02-10,331666
2026-02-11,328180
2026-02-12,358650
2026-02-13,317882
2026-02-15,14984
2026-02-16,144023
2026-02-17,324507
2026-02-18,218539
2026-02-19,217449
2026-02-20,264015
2026-02-22,16249
2026-02-23,295925
2026-02-24,306409
2026-02-25,260782
2026-02-26,284190
2026-02-27,323139
2026-03-01,24985
2026-03-02,436455
2026-03-03,554076
2026-03-04,413864
2026-03-05,376627
2026-03-06,336645
2026-03-08,51930
2026-03-09,416802
2026-03-10,313745
2026-03-11,296659
2026-03-12,298578
2026-03-13,287266
2026-03-15,34729
2026-03-16,323966
2026-03-17,257423
2026-03-18,363363
2026-03-19,537292
2026-03-20,484554
2026-03-22,40170
2026-03-23,794667
2026-03-24,703941
2026-03-25,425410
2026-03-26,480416
2026-03-27,339095
2026-03-29,37301
2026-03-30,383496
2026-03-31,419916
2026-04-01,363876
2026-04-02,476729
2026-04-05,37337
2026-04-06,316875
2026-04-07,494517
2026-04-08,387036
2026-04-09,296405
2026-04-10,260802
2026-04-12,35482
2026-04-13,283944
2026-04-14,287369
2026-04-15,272265
2026-04-16,262653
2026-04-17,279413
2026-04-19,30367
2026-04-20,283728
2026-04-21,358179
2026-04-22,281241
2026-04-23,443955
2026-04-24,386833
2026-04-26,17922
2026-04-27,312243
2026-04-28,420468
2026-04-29,436170
2026-04-30,444761
2026-05-01,303190
2026-05-03,15792
2026-05-04,393827
2026-05-05,308170
2026-05-06,410110
2026-05-07,492581
2026-05-08,362266
2026-05-10,18029
2026-05-11,375053
2026-05-12,425858
2026-05-13,366366
2026-05-14,411846
2026-05-15,525361
2026-05-17,24472
2026-05-18,519165
2026-05-19,433948
2026-05-20,454836
2026-05-21,473693
2026-05-22,370022
2026-05-24,32030
2026-05-25,187101
2026-05-26,376379
2026-05-27,368483
2026-05-28,392541
2026-05-29,272070
2026-05-31,16938
2026-06-01,288983
2026-06-02,280756
2026-06-03,323267
2026-06-04,337946
2026-06-05,424646
2026-06-07,32585
2026-06-08,426797
2026-06-09,442725
2026-06-10,512726
2026-06-11,512220
2026-06-12,382703
2026-06-14,24335
2026-06-15,288795
2026-06-16,288894
2026-06-17,344971
2026-06-18,364642
2026-06-19,203189
2026-06-21,23136
2026-06-22,333741
2026-06-23,412179
2026-06-24,443371
2026-06-25,428127
2026-06-26,365774
2026-06-28,23428
2026-06-29,350634
2026-06-30,340836
2026-07-01,315203
2026-07-02,372252
2026-07-03,195021
2026-07-05,17183
2026-07-06,281977
2026-07-07,318230
2026-07-08,489950
2026-07-09,323694
2026-07-10,263334
2026-07-12,19372
2026-07-13,397784
2026-07-14,349717
2026-07-15,367079
2026-07-16,429422
2026-07-17,414365
2026-07-19,14817
2026-07-20,382849
2026-07-21,305925
2026-07-22,386962
2026-07-23,379956
2026-07-24,245086
2026-07-26,7943
2026-07-27,208485
2026-07-28,161804
2026-07-29,253187
2026-07-30,285746
2026-07-31,221493
